{
  "tools": {
    "dotnet": "6.0.100-preview.6.21317.3",
    "runtimes": {
      "dotnet": [
        "2.1.7",
        "$(VSRedistCommonNetCoreSharedFrameworkx6460PackageVersion)"
      ]
    },
    "vs": {
      "version": "16.8"
    }
  },
  "msbuild-sdks": {
    "Microsoft.DotNet.Arcade.Sdk": "6.0.0-beta.21366.1",
    "Microsoft.DotNet.Helix.Sdk": "6.0.0-beta.21366.1"
  },
  "sdk": {
    "version": "6.0.100-preview.6.21317.3"
  },
  "native-tools": {
    "strawberry-perl": "5.28.1.1-1",
    "net-framework-48-ref-assemblies": "0.0.0.1",
    "dotnet-api-docs_net5.0": "0.0.0.3",
    "net-framework-472-iltools": "0.0.0.1"
  }
}
