<?xml version="1.0" encoding="utf-8"?>
<Dependencies>
  <ProductDependencies>
    <Dependency Name="Microsoft.Private.Winforms" Version="6.0.0-rc.1.21369.3">
      <Uri>https://github.com/dotnet/winforms</Uri>
      <Sha>8f953ebf9eb90c3489b2520ba2226151c53ea3b6</Sha>
    </Dependency>
    <Dependency Name="Microsoft.Dotnet.WinForms.ProjectTemplates" Version="6.0.0-rc.1.21369.3">
      <Uri>https://github.com/dotnet/winforms</Uri>
      <Sha>8f953ebf9eb90c3489b2520ba2226151c53ea3b6</Sha>
    </Dependency>
    <Dependency Name="System.CodeDom" Version="6.0.0-rc.1.21369.2" CoherentParentDependency="Microsoft.Private.Winforms">
      <Uri>https://github.com/dotnet/runtime</Uri>
      <Sha>f7e4c261815c66fde2c1e750b744f193e236c17e</Sha>
    </Dependency>
    <Dependency Name="System.Configuration.ConfigurationManager" Version="6.0.0-rc.1.21369.2" CoherentParentDependency="Microsoft.Private.Winforms">
      <Uri>https://github.com/dotnet/runtime</Uri>
      <Sha>f7e4c261815c66fde2c1e750b744f193e236c17e</Sha>
    </Dependency>
    <Dependency Name="System.Diagnostics.EventLog" Version="6.0.0-rc.1.21369.2" CoherentParentDependency="Microsoft.Private.Winforms">
      <Uri>https://github.com/dotnet/runtime</Uri>
      <Sha>f7e4c261815c66fde2c1e750b744f193e236c17e</Sha>
    </Dependency>
    <Dependency Name="System.DirectoryServices" Version="6.0.0-rc.1.21369.2" CoherentParentDependency="Microsoft.Private.Winforms">
      <Uri>https://github.com/dotnet/runtime</Uri>
      <Sha>f7e4c261815c66fde2c1e750b744f193e236c17e</Sha>
    </Dependency>
    <Dependency Name="System.Drawing.Common" Version="6.0.0-rc.1.21369.2" CoherentParentDependency="Microsoft.Private.Winforms">
      <Uri>https://github.com/dotnet/runtime</Uri>
      <Sha>f7e4c261815c66fde2c1e750b744f193e236c17e</Sha>
    </Dependency>
    <Dependency Name="System.Reflection.MetadataLoadContext" Version="6.0.0-rc.1.21369.2" CoherentParentDependency="Microsoft.Private.Winforms">
      <Uri>https://github.com/dotnet/runtime</Uri>
      <Sha>f7e4c261815c66fde2c1e750b744f193e236c17e</Sha>
    </Dependency>
    <Dependency Name="System.Security.Cryptography.Xml" Version="6.0.0-rc.1.21369.2" CoherentParentDependency="Microsoft.Private.Winforms">
      <Uri>https://github.com/dotnet/runtime</Uri>
      <Sha>f7e4c261815c66fde2c1e750b744f193e236c17e</Sha>
    </Dependency>
    <Dependency Name="System.Security.Permissions" Version="6.0.0-rc.1.21369.2" CoherentParentDependency="Microsoft.Private.Winforms">
      <Uri>https://github.com/dotnet/runtime</Uri>
      <Sha>f7e4c261815c66fde2c1e750b744f193e236c17e</Sha>
    </Dependency>
    <Dependency Name="System.Windows.Extensions" Version="6.0.0-rc.1.21369.2" CoherentParentDependency="Microsoft.Private.Winforms">
      <Uri>https://github.com/dotnet/runtime</Uri>
      <Sha>f7e4c261815c66fde2c1e750b744f193e236c17e</Sha>
    </Dependency>
    <Dependency Name="Microsoft.NETCore.Platforms" Version="6.0.0-rc.1.21369.2" CoherentParentDependency="Microsoft.Private.Winforms">
      <Uri>https://github.com/dotnet/runtime</Uri>
      <Sha>f7e4c261815c66fde2c1e750b744f193e236c17e</Sha>
    </Dependency>
    <Dependency Name="Microsoft.DotNet.Wpf.DncEng" Version="6.0.0-rc.1.21367.2">
      <Uri>https://dev.azure.com/dnceng/internal/_git/dotnet-wpf-int</Uri>
      <Sha>cf3ed29c51633e46238b7cc4da78a78d069f9659</Sha>
    </Dependency>
    <Dependency Name="System.IO.Packaging" Version="6.0.0-rc.1.21369.2" CoherentParentDependency="Microsoft.Private.Winforms">
      <Uri>https://github.com/dotnet/runtime</Uri>
      <Sha>f7e4c261815c66fde2c1e750b744f193e236c17e</Sha>
    </Dependency>
    <Dependency Name="Microsoft.NETCore.ILDAsm" Version="6.0.0-rc.1.21369.2" CoherentParentDependency="Microsoft.Private.Winforms">
      <Uri>https://github.com/dotnet/runtime</Uri>
      <Sha>f7e4c261815c66fde2c1e750b744f193e236c17e</Sha>
    </Dependency>
    <Dependency Name="Microsoft.NETCore.ILAsm" Version="6.0.0-rc.1.21369.2" CoherentParentDependency="Microsoft.Private.Winforms">
      <Uri>https://github.com/dotnet/runtime</Uri>
      <Sha>f7e4c261815c66fde2c1e750b744f193e236c17e</Sha>
    </Dependency>
    <Dependency Name="System.Resources.Extensions" Version="6.0.0-rc.1.21369.2" CoherentParentDependency="Microsoft.Private.Winforms">
      <Uri>https://github.com/dotnet/runtime</Uri>
      <Sha>f7e4c261815c66fde2c1e750b744f193e236c17e</Sha>
    </Dependency>
    <Dependency Name="Microsoft.NETCore.App.Ref" Version="6.0.0-rc.1.21369.2" CoherentParentDependency="Microsoft.Private.Winforms">
      <Uri>https://github.com/dotnet/runtime</Uri>
      <Sha>f7e4c261815c66fde2c1e750b744f193e236c17e</Sha>
    </Dependency>
    <Dependency Name="Microsoft.NETCore.App.Runtime.win-x64" Version="6.0.0-rc.1.21369.2" CoherentParentDependency="Microsoft.Private.Winforms">
      <Uri>https://github.com/dotnet/runtime</Uri>
      <Sha>f7e4c261815c66fde2c1e750b744f193e236c17e</Sha>
    </Dependency>
    <Dependency Name="VS.Redist.Common.NetCore.SharedFramework.x64.6.0" Version="6.0.0-rc.1.21369.2" CoherentParentDependency="Microsoft.Private.Winforms">
      <Uri>https://github.com/dotnet/runtime</Uri>
      <Sha>f7e4c261815c66fde2c1e750b744f193e236c17e</Sha>
    </Dependency>
  </ProductDependencies>
  <ToolsetDependencies>
    <Dependency Name="Microsoft.DotNet.Arcade.Sdk" Version="6.0.0-beta.21366.1">
      <Uri>https://github.com/dotnet/arcade</Uri>
      <Sha>b03966cd85285e425ffe56003c0ab57e103dd14e</Sha>
    </Dependency>
    <Dependency Name="Microsoft.DotNet.CodeAnalysis" Version="6.0.0-beta.21366.1">
      <Uri>https://github.com/dotnet/arcade</Uri>
      <Sha>b03966cd85285e425ffe56003c0ab57e103dd14e</Sha>
    </Dependency>
    <Dependency Name="Microsoft.DotNet.Helix.Sdk" Version="6.0.0-beta.21366.1">
      <Uri>https://github.com/dotnet/arcade</Uri>
      <Sha>b03966cd85285e425ffe56003c0ab57e103dd14e</Sha>
    </Dependency>
    <Dependency Name="Microsoft.DotNet.ApiCompat" Version="6.0.0-beta.21366.1">
      <Uri>https://github.com/dotnet/arcade</Uri>
      <Sha>b03966cd85285e425ffe56003c0ab57e103dd14e</Sha>
    </Dependency>
    <Dependency Name="Microsoft.DotNet.GenAPI" Version="6.0.0-beta.21366.1">
      <Uri>https://github.com/dotnet/arcade</Uri>
      <Sha>b03966cd85285e425ffe56003c0ab57e103dd14e</Sha>
    </Dependency>
  </ToolsetDependencies>
</Dependencies>
