{
  "$schema": "http://json.schemastore.org/dotnetcli.host",
  "symbolInfo": {
    "TargetFrameworkOverride": {
      "isHidden": "true",
      "longName": "target-framework-override",
      "shortName": ""
    },
    "Framework": {
      "longName": "framework"
    },
    "skipRestore": {
      "longName": "no-restore",
      "shortName": ""
    },
    "langVersion": {
      "longName": "langVersion",
      "shortName": ""
    },
    "Nullable": {
      "longName": "nullable",
      "shortName": ""
    }
  },
  "usageExamples": [
    ""
  ]
}
